{"apps":[{"appUrl":"https://app.appsflyer.com/com.crazylabs.rubber.band.asmr.cut?pid=TT&c=HouseAds&af_ad=Set1&af_adset=RubberBand+Cutting+Poster&af_siteid=ASMR+Slicing","attributionProvider":"appsflyer","bundleId":"com.crazylabs.rubber.band.asmr.cut","applicationId":null,"applicationName":"Rubber Cut","applicationText":"","thumbnail":"icon_152_RubberCut_store-icon_A1_152x152__3465e635.png","crc32":3887637778,"store":"google"},{"appUrl":"https://app.appsflyer.com/com.crazylabs.acrylic.nails?pid=TT&c=HouseAds&af_ad=Set1&af_adset=Acrylic+Nails+Poster&af_siteid=ASMR+Slicing","attributionProvider":"appsflyer","bundleId":"com.crazylabs.acrylic.nails","applicationId":null,"applicationName":"Acrylic Nails!","applicationText":"","thumbnail":"icons_1_c0b79a73.png","crc32":3708099489,"store":"google"},{"appUrl":"https://app.appsflyer.com/com.crazylabs.i.can.paint?pid=TT&c=HouseAds&af_ad=Set1&af_adset=I+Can+Paint+Poster&af_siteid=ASMR+Slicing","attributionProvider":"appsflyer","bundleId":"com.crazylabs.i.can.paint","applicationId":null,"applicationName":"I Can Paint","applicationText":"","thumbnail":"ICanPaint_store-icon_C0_152x152_IOSstorebuild_IOSbuild1_8329d475.png","crc32":473623839,"store":"google"},{"appUrl":"https://app.appsflyer.com/com.crazylabs.tie.dye.art?pid=TT&c=HouseAds&af_ad=Set1&af_adset=Tie+Dye+Poster&af_siteid=ASMR+Slicing","attributionProvider":"appsflyer","bundleId":"com.crazylabs.tie.dye.art","applicationId":null,"applicationName":"Tie Dye","applicationText":"","thumbnail":"icon_152_TieDye_store-icon_I0_152x152_IOSstorebuild_IOSbuild_1a589a59.png","crc32":4211413024,"store":"google"},{"appUrl":"https://app.appsflyer.com/com.crazylabs.foot.doctor?pid=TT&c=HouseAds&af_ad=Set1&af_adset=Foot+Clinic+Poster&af_siteid=ASMR+Slicing","attributionProvider":"appsflyer","bundleId":"com.crazylabs.foot.doctor","applicationId":null,"applicationName":"FootClinic","applicationText":"","thumbnail":"stand-1_fee5d28e.png","crc32":2565891524,"store":"google"},{"appUrl":"https://app.appsflyer.com/com.crazylabs.neon.light.maze?pid=TT&c=HouseAds&af_ad=Set1&af_adset=Neon+On+Poster&af_siteid=ASMR+Slicing","attributionProvider":"appsflyer","bundleId":"com.crazylabs.neon.light.maze","applicationId":null,"applicationName":"Neon On","applicationText":"","thumbnail":"icons_1_9ee96c20.png","crc32":297153246,"store":"google"},{"appUrl":"https://app.appsflyer.com/com.crazylabs.asmr.cut?pid=TT&c=HouseAds&af_ad=Set1&af_adset=ASMR+Slicing+Poster&af_siteid=ASMR+Slicing","attributionProvider":"appsflyer","bundleId":"com.crazylabs.asmr.cut","applicationId":null,"applicationName":"ASMR Slicing","applicationText":"","thumbnail":"icons_1_f6024cec.png","crc32":2664890811,"store":"google"},{"appUrl":"https://app.appsflyer.com/com.crazylabs.flip.jump.stack?pid=TT&c=HouseAds&af_ad=Set1&af_adset=Flip+Jump+Stack+Poster&af_siteid=ASMR+Slicing","attributionProvider":"appsflyer","bundleId":"com.crazylabs.flip.jump.stack","applicationId":null,"applicationName":"FlipJumpStack","applicationText":"","thumbnail":"icons_14_84c6e3ba.png","crc32":2955404772,"store":"google"},{"appUrl":"https://app.appsflyer.com/com.crazylabs.soap.cutting?pid=TT&c=HouseAds&af_ad=Set1&af_adset=Soap+Cutting+Poster&af_siteid=ASMR+Slicing","attributionProvider":"appsflyer","bundleId":"com.crazylabs.soap.cutting","applicationId":null,"applicationName":"Soap Cutting","applicationText":"","thumbnail":"icon_152_702a76d0.png","crc32":2076666725,"store":"google"},{"appUrl":"https://app.appsflyer.com/com.crazylabs.amaze.game?pid=TT&c=HouseAds&af_ad=Set4&af_adset=Amaze+Poster&af_siteid=ASMR+Slicing","attributionProvider":"appsflyer","bundleId":"com.crazylabs.amaze.game","applicationId":null,"applicationName":"AMAZE","applicationText":"","thumbnail":"ico_152_AMAZE_store-icon_D2_152x152_IOSstorebuild_IOSbuild_9be65625.png","crc32":2073978166,"store":"google"}],"timeToDisplay":30}